Reference,Qty,Description,Value/Spec,Manufacturer,Manufacturer Part Number,Digikey Part Number,LCSC/JLCPCB Part Number,Package,Notes
U1;U2,2,Arduino-compatible MCU module (ATmega32U4 USB MIDI),Pro Micro 5V/16MHz,SparkFun Electronics,DEV-12640,1568-12640-ND,not on LCSC (module - buy via Digikey/SparkFun/Pololu),Module (socketed - not soldered to PCB),Plugs into U1A/U1B and U2A/U2B socket pairs.
U3;U4,2,Stepper motor driver carrier board,A4988 w/ heatsink,Pololu,1182,2183-1182-ND,not on LCSC (module - buy via Digikey/Pololu),Module (socketed - not soldered to PCB),Plugs into U3A/U3B and U4A/U4B socket pairs. Order the heatsink-included version.
U1A;U1B;U2A;U2B,4,Female pin socket strip (vertical THT),1x12 2.54mm,Sullins Connector Solutions,PPPC121LFBN-RC,S7045-ND,not confirmed on LCSC,THT vertical,Receives the Pro Micro module's pin rows. 2 per Arduino x 2 channels = 4. Confirmed real part via Digikey lookup.
U3A;U3B;U4A;U4B,4,Female pin socket strip (vertical THT),1x08 2.54mm,Sullins Connector Solutions,PPPC081LFBN-RC,S7041-ND,C3322325,THT vertical,Receives the A4988 module's pin rows. 2 per A4988 x 2 channels = 4.
C1;C3,2,Aluminum electrolytic capacitor radial THT,100uF 25V 6.3mm dia 2.5mm pitch,Panasonic,EEU-FC1E101SH,P19638CT-ND,not confirmed on LCSC,THT radial,Motor supply (VMOT) bulk decoupling, one per channel. 2.5mm pitch and 6.3mm dia confirmed against our footprint.
C2;C4,2,Ceramic disc capacitor THT non-polarized,100nF 50V X7R (any lead-bendable disc cap works),generic (very common part - any brand),n/a - extremely generic,search "100nF ceramic disc capacitor THT",search "100nF X7R THT" on LCSC,THT radial,"High-frequency VMOT/GND decoupling right beside the bulk cap above -- damps PWM-chopping ring that the electrolytic's ESL can't follow (the ""motor buzz/vibration"" fix). Lead spacing is flexible/bendable like the electrolytic; 2.5mm or 5mm pitch parts both fit."
J1;J2,2,Motor connector header (vertical THT),JST-XH 4-pin,JST Sales America,B4B-XH-A(LF)(SN),455-2249-ND,C144395,THT vertical,Mates with a JST-XH 4-pin housing (next 2 rows) crimped to the stepper motor's 4 coil wires.
(J1/J2 motor-side housing),2,JST-XH 4-position housing,XHP-4,JST,XHP-4,455-2267-ND,search LCSC for "JST XHP-4",Crimp housing,Not on the PCB - terminates each motor's own wires. 1 per motor.
(J1/J2 motor-side crimp pins),8 (sold in 100-pack),JST-XH crimp socket contact,SXH-001T-P0.6,JST,SXH-001T-P0.6,455-1135-100-ND (100-pack minimum),search LCSC for "JST SXH-001T-P0.6",Crimp pin,4 pins per motor x 2 motors = 8 needed; smallest Digikey pack is 100.
J3,1,JST-XH 2-pin THT RIGHT-ANGLE header (shrouded) 2.5mm pitch,PWR STACK +12V/GND cable link,JST Sales America,S2B-XH-A(LF)(SN),455-2257-ND,search LCSC for "JST S2B-XH-A",THT right-angle,"Common/cheap connector, same XH family as J1/J2's motor connectors -- switched down from Molex Mini-Fit Jr (too pricey for what's otherwise a low-current link J4/KF301 already backs up). 3A/pin. RIGHT-ANGLE so the cable exits parallel to the board toward its bottom edge, not straight up."
(J3 cable - PREFERRED: ready-made),1,"Pre-crimped JST-XH 2-pin jumper cable, socket-to-socket, 22AWG, 254mm (10"")",ASXHSXH22K254,JST Sales America,ASXHSXH22K254,455-4223-ND,search LCSC for "JST XH 2 pin cable socket to socket",Cable assembly,"No crimping needed -- plugs straight onto J3's header on both boards. Shorter ASXHSXH22K203 (203mm/8"") also exists if less slack is wanted. Skip the next 2 rows if using this."
(J3 cable - DIY alternative: housing),1,JST-XH 2-position receptacle housing,XHP-2,JST,XHP-2,455-2266-ND,C144401,Crimp housing,Only needed if crimping your own cable instead of buying the ready-made one above. Contacts sold separately (next row).
(J3 cable - DIY alternative: crimp pins),2,JST-XH crimp socket contact,SXH-001T-P0.6,JST,SXH-001T-P0.6,455-1135-100-ND (100-pack minimum - same part already bought for J1/J2),search LCSC for "JST SXH-001T-P0.6",Crimp pin,"Only needed for the DIY route. 1 pair (+12V/GND) per cable -- draw from the same 100-pack as J1/J2's motor crimp pins."
J4,1,2-position screw terminal block 5.08mm pitch 16A,PWR TERMINAL +12V/GND,Cixi Kefa Elec,KF301-5.0-2P,not available on Digikey (confirmed by lookup),C474881 (also see KF128-5.08-2P-AA / C474952 for an explicit 5.08mm-pitch part),THT,Wired power in/out for stacks taller than J3's pins can reach. Source via LCSC, not Digikey.
MH1;MH2;MH3;MH4,4,M3 hex standoff female-female (confirmed real part),M3 x 25mm (recommended) or M3 x 20mm,Keystone Electronics,24408 (25mm brass) or 24487 (20mm stainless),36-24408-ND (25mm) / 36-24487-ND (20mm),search LCSC for "M3 hex standoff 25mm female female",Hardware (not placed on PCB),"25mm gives a few mm of clearance past the A4988+heatsink height (~20mm); use 20mm only if stack height is tight. Both confirmed M3/female-female on Digikey. 3.2mm mounting holes clear M3."
(fasteners for MH1-4),8,M3 pan-head machine screw,M3 x 6mm,generic,n/a,n/a,n/a,Hardware,2 screws per standoff x 4 standoffs = 8.
(PCB fab),1,Bare PCB,100mm x 50mm 2-layer FR4,JLCPCB,n/a,n/a,n/a,PCB,Order directly from JLCPCB using Gerbers from stp-motr-2ch-100x50.kicad_pcb - not a BOM line item.
