Digi-Key Part Number,Manufacturer Part Number,Customer Reference,Quantity
1568-12640-ND,DEV-12640,U1;U2,2
2183-1182-ND,1182,U3;U4,2
S7045-ND,PPPC121LFBN-RC,U1A;U1B;U2A;U2B,4
S7041-ND,PPPC081LFBN-RC,U3A;U3B;U4A;U4B,4
455-2249-ND,B4B-XH-A(LF)(SN),J1;J2,2
455-2267-ND,XHP-4,J1-J2 motor housing,2
455-1135-100-ND,SXH-001T-P0.6,J1-J2 motor crimp pins (100-pack - need 8),100
455-2257-ND,S2B-XH-A(LF)(SN),J3,1
455-4223-ND,ASXHSXH22K254,J3 ready-made cable (socket-to-socket),1
36-24408-ND,24408,MH1-MH4 standoffs (25mm brass),4
